downloaded_at,species_latin,recording_id,source_url,download_url,target_path,status,bytes,message
2026-05-24T11:00:42,Tettigonia viridissima,969762,https://xeno-canto.org/969762,https://xeno-canto.org/969762/download,/Users/jchavauxm5/PKA_JCH/JCH_Inbox/03_PROJECTS/03_WILDNEXUS/06_COMPONENTS/BIOACOUSTIC/INSECTNET/03_AUDIO_DOWNLOADS/audio/tettigonia-viridissima/XC969762-T-viridissima-c20_St-Vallier-de-Thiey-06_2020-07-07_M00132+++.wav,downloaded,20547182,
2026-05-24T11:00:46,Tettigonia viridissima,1095466,https://xeno-canto.org/1095466,https://xeno-canto.org/1095466/download,/Users/jchavauxm5/PKA_JCH/JCH_Inbox/03_PROJECTS/03_WILDNEXUS/06_COMPONENTS/BIOACOUSTIC/INSECTNET/03_AUDIO_DOWNLOADS/audio/tettigonia-viridissima/XC1095466-T-viridissima-d27_Puerto-Ragua-ES-GR_2025-08-16_16_52_22_M00039++.wav,downloaded,23697266,
2026-05-24T11:00:51,Tettigonia viridissima,969764,https://xeno-canto.org/969764,https://xeno-canto.org/969764/download,/Users/jchavauxm5/PKA_JCH/JCH_Inbox/03_PROJECTS/03_WILDNEXUS/06_COMPONENTS/BIOACOUSTIC/INSECTNET/03_AUDIO_DOWNLOADS/audio/tettigonia-viridissima/XC969764-T-viridissima-c30_Port-la-Nelle-11_2022-06-16_22_38_19_M00060+++.wav,downloaded,23289954,
2026-05-24T11:00:58,Tettigonia viridissima,969765,https://xeno-canto.org/969765,https://xeno-canto.org/969765/download,/Users/jchavauxm5/PKA_JCH/JCH_Inbox/03_PROJECTS/03_WILDNEXUS/06_COMPONENTS/BIOACOUSTIC/INSECTNET/03_AUDIO_DOWNLOADS/audio/tettigonia-viridissima/XC969765-T-viridissima-d19_Sarroux-19_2021-09-30_14_35_08_M00037+++.wav,downloaded,39221724,
2026-05-24T11:01:09,Tettigonia viridissima,907281,https://xeno-canto.org/907281,https://xeno-canto.org/907281/download,/Users/jchavauxm5/PKA_JCH/JCH_Inbox/03_PROJECTS/03_WILDNEXUS/06_COMPONENTS/BIOACOUSTIC/INSECTNET/03_AUDIO_DOWNLOADS/audio/tettigonia-viridissima/XC907281-160626-001.wav,downloaded,63893902,
2026-05-24T11:01:10,Tettigonia viridissima,1060772,https://xeno-canto.org/1060772,https://xeno-canto.org/1060772/download,/Users/jchavauxm5/PKA_JCH/JCH_Inbox/03_PROJECTS/03_WILDNEXUS/06_COMPONENTS/BIOACOUSTIC/INSECTNET/03_AUDIO_DOWNLOADS/audio/tettigonia-viridissima/XC1060772-XC_Tettigonia-viridissima_Montcenis_02072025_1.wav,downloaded,1436416,
2026-05-24T11:01:11,Tettigonia viridissima,1060773,https://xeno-canto.org/1060773,https://xeno-canto.org/1060773/download,/Users/jchavauxm5/PKA_JCH/JCH_Inbox/03_PROJECTS/03_WILDNEXUS/06_COMPONENTS/BIOACOUSTIC/INSECTNET/03_AUDIO_DOWNLOADS/audio/tettigonia-viridissima/XC1060773-XC_Tettigonia-viridissima_Montcenis_02072025_2.wav,downloaded,2754816,
2026-05-24T11:01:12,Tettigonia viridissima,847750,https://xeno-canto.org/847750,https://xeno-canto.org/847750/download,/Users/jchavauxm5/PKA_JCH/JCH_Inbox/03_PROJECTS/03_WILDNEXUS/06_COMPONENTS/BIOACOUSTIC/INSECTNET/03_AUDIO_DOWNLOADS/audio/tettigonia-viridissima/XC847750-BL20230626-04010015.wav,downloaded,2239212,
2026-05-24T11:01:13,Tettigonia viridissima,847751,https://xeno-canto.org/847751,https://xeno-canto.org/847751/download,/Users/jchavauxm5/PKA_JCH/JCH_Inbox/03_PROJECTS/03_WILDNEXUS/06_COMPONENTS/BIOACOUSTIC/INSECTNET/03_AUDIO_DOWNLOADS/audio/tettigonia-viridissima/XC847751-BL20230626-04010016.wav,downloaded,1772260,
2026-05-24T11:01:13,Tettigonia viridissima,847753,https://xeno-canto.org/847753,https://xeno-canto.org/847753/download,/Users/jchavauxm5/PKA_JCH/JCH_Inbox/03_PROJECTS/03_WILDNEXUS/06_COMPONENTS/BIOACOUSTIC/INSECTNET/03_AUDIO_DOWNLOADS/audio/tettigonia-viridissima/XC847753-BL20230626-04010018.wav,downloaded,1796836,
2026-05-24T11:01:14,Tettigonia viridissima,847757,https://xeno-canto.org/847757,https://xeno-canto.org/847757/download,/Users/jchavauxm5/PKA_JCH/JCH_Inbox/03_PROJECTS/03_WILDNEXUS/06_COMPONENTS/BIOACOUSTIC/INSECTNET/03_AUDIO_DOWNLOADS/audio/tettigonia-viridissima/XC847757-BL20230626-04010022.wav,downloaded,1561316,
2026-05-24T11:01:15,Tettigonia viridissima,847766,https://xeno-canto.org/847766,https://xeno-canto.org/847766/download,/Users/jchavauxm5/PKA_JCH/JCH_Inbox/03_PROJECTS/03_WILDNEXUS/06_COMPONENTS/BIOACOUSTIC/INSECTNET/03_AUDIO_DOWNLOADS/audio/tettigonia-viridissima/XC847766-BL20230626-04010031.wav,downloaded,2040556,
2026-05-24T11:01:16,Tettigonia viridissima,847768,https://xeno-canto.org/847768,https://xeno-canto.org/847768/download,/Users/jchavauxm5/PKA_JCH/JCH_Inbox/03_PROJECTS/03_WILDNEXUS/06_COMPONENTS/BIOACOUSTIC/INSECTNET/03_AUDIO_DOWNLOADS/audio/tettigonia-viridissima/XC847768-BL20230626-04010034.wav,downloaded,2265828,
2026-05-24T11:01:16,Tettigonia viridissima,847769,https://xeno-canto.org/847769,https://xeno-canto.org/847769/download,/Users/jchavauxm5/PKA_JCH/JCH_Inbox/03_PROJECTS/03_WILDNEXUS/06_COMPONENTS/BIOACOUSTIC/INSECTNET/03_AUDIO_DOWNLOADS/audio/tettigonia-viridissima/XC847769-BL20230626-04010035.wav,downloaded,1565412,
2026-05-24T11:01:17,Tettigonia viridissima,847770,https://xeno-canto.org/847770,https://xeno-canto.org/847770/download,/Users/jchavauxm5/PKA_JCH/JCH_Inbox/03_PROJECTS/03_WILDNEXUS/06_COMPONENTS/BIOACOUSTIC/INSECTNET/03_AUDIO_DOWNLOADS/audio/tettigonia-viridissima/XC847770-BL20230626-04010036.wav,downloaded,1782500,
2026-05-24T11:01:17,Tettigonia viridissima,847772,https://xeno-canto.org/847772,https://xeno-canto.org/847772/download,/Users/jchavauxm5/PKA_JCH/JCH_Inbox/03_PROJECTS/03_WILDNEXUS/06_COMPONENTS/BIOACOUSTIC/INSECTNET/03_AUDIO_DOWNLOADS/audio/tettigonia-viridissima/XC847772-BL20230626-04010038.wav,downloaded,1561316,
2026-05-24T11:01:18,Tettigonia viridissima,847775,https://xeno-canto.org/847775,https://xeno-canto.org/847775/download,/Users/jchavauxm5/PKA_JCH/JCH_Inbox/03_PROJECTS/03_WILDNEXUS/06_COMPONENTS/BIOACOUSTIC/INSECTNET/03_AUDIO_DOWNLOADS/audio/tettigonia-viridissima/XC847775-BL20230626-04010041.wav,downloaded,1645284,
2026-05-24T11:01:19,Tettigonia viridissima,847777,https://xeno-canto.org/847777,https://xeno-canto.org/847777/download,/Users/jchavauxm5/PKA_JCH/JCH_Inbox/03_PROJECTS/03_WILDNEXUS/06_COMPONENTS/BIOACOUSTIC/INSECTNET/03_AUDIO_DOWNLOADS/audio/tettigonia-viridissima/XC847777-BL20230626-04010043.wav,downloaded,1909476,
2026-05-24T11:01:20,Tettigonia viridissima,847778,https://xeno-canto.org/847778,https://xeno-canto.org/847778/download,/Users/jchavauxm5/PKA_JCH/JCH_Inbox/03_PROJECTS/03_WILDNEXUS/06_COMPONENTS/BIOACOUSTIC/INSECTNET/03_AUDIO_DOWNLOADS/audio/tettigonia-viridissima/XC847778-BL20230626-04010044.wav,downloaded,1856228,
2026-05-24T11:01:20,Tettigonia viridissima,847781,https://xeno-canto.org/847781,https://xeno-canto.org/847781/download,/Users/jchavauxm5/PKA_JCH/JCH_Inbox/03_PROJECTS/03_WILDNEXUS/06_COMPONENTS/BIOACOUSTIC/INSECTNET/03_AUDIO_DOWNLOADS/audio/tettigonia-viridissima/XC847781-BL20230626-04010047.wav,downloaded,2041568,
2026-05-24T11:01:22,Gryllus campestris,967471,https://xeno-canto.org/967471,https://xeno-canto.org/967471/download,/Users/jchavauxm5/PKA_JCH/JCH_Inbox/03_PROJECTS/03_WILDNEXUS/06_COMPONENTS/BIOACOUSTIC/INSECTNET/03_AUDIO_DOWNLOADS/audio/gryllus-campestris/XC967471-G-campestris-d31_Chanteix-19_220517_1552_0209S1+++.wav,downloaded,5738560,
2026-05-24T11:01:23,Gryllus campestris,967484,https://xeno-canto.org/967484,https://xeno-canto.org/967484/download,/Users/jchavauxm5/PKA_JCH/JCH_Inbox/03_PROJECTS/03_WILDNEXUS/06_COMPONENTS/BIOACOUSTIC/INSECTNET/03_AUDIO_DOWNLOADS/audio/gryllus-campestris/XC967484-G-campestris-n15_Chanteix-19_220513_2242_0193S1+++.wav,downloaded,6270552,
2026-05-24T11:01:25,Gryllus campestris,967442,https://xeno-canto.org/967442,https://xeno-canto.org/967442/download,/Users/jchavauxm5/PKA_JCH/JCH_Inbox/03_PROJECTS/03_WILDNEXUS/06_COMPONENTS/BIOACOUSTIC/INSECTNET/03_AUDIO_DOWNLOADS/audio/gryllus-campestris/XC967442-G-campestris-c14_Chanteix-19_20210422_211055_01+++.wav,downloaded,6541922,
2026-05-24T11:01:28,Gryllus campestris,1095680,https://xeno-canto.org/1095680,https://xeno-canto.org/1095680/download,/Users/jchavauxm5/PKA_JCH/JCH_Inbox/03_PROJECTS/03_WILDNEXUS/06_COMPONENTS/BIOACOUSTIC/INSECTNET/03_AUDIO_DOWNLOADS/audio/gryllus-campestris/XC1095680-G-campestris-n09_Chanteix-19_250505_2225_0874S1+++.wav,downloaded,10062238,
2026-05-24T11:01:30,Gryllus campestris,967483,https://xeno-canto.org/967483,https://xeno-canto.org/967483/download,/Users/jchavauxm5/PKA_JCH/JCH_Inbox/03_PROJECTS/03_WILDNEXUS/06_COMPONENTS/BIOACOUSTIC/INSECTNET/03_AUDIO_DOWNLOADS/audio/gryllus-campestris/XC967483-G-campestris-n14_Chanteix-19_220506_2139_0162S1+++.wav,downloaded,6875736,
2026-05-24T11:01:32,Gryllus campestris,967489,https://xeno-canto.org/967489,https://xeno-canto.org/967489/download,/Users/jchavauxm5/PKA_JCH/JCH_Inbox/03_PROJECTS/03_WILDNEXUS/06_COMPONENTS/BIOACOUSTIC/INSECTNET/03_AUDIO_DOWNLOADS/audio/gryllus-campestris/XC967489-G-campestris-n18_Masegoso-ES-AB_230701_2318_0709S1+++.wav,downloaded,7025290,
2026-05-24T11:01:34,Gryllus campestris,967476,https://xeno-canto.org/967476,https://xeno-canto.org/967476/download,/Users/jchavauxm5/PKA_JCH/JCH_Inbox/03_PROJECTS/03_WILDNEXUS/06_COMPONENTS/BIOACOUSTIC/INSECTNET/03_AUDIO_DOWNLOADS/audio/gryllus-campestris/XC967476-G-campestris-n10_Chanteix-19_230425_2149_0565S1+++.wav,downloaded,7157840,
2026-05-24T11:01:36,Gryllus campestris,967447,https://xeno-canto.org/967447,https://xeno-canto.org/967447/download,/Users/jchavauxm5/PKA_JCH/JCH_Inbox/03_PROJECTS/03_WILDNEXUS/06_COMPONENTS/BIOACOUSTIC/INSECTNET/03_AUDIO_DOWNLOADS/audio/gryllus-campestris/XC967447-G-campestris-c18_Chanteix-19_220508_2123_0167S1+++.wav,downloaded,7720544,
2026-05-24T11:01:39,Gryllus campestris,1095679,https://xeno-canto.org/1095679,https://xeno-canto.org/1095679/download,/Users/jchavauxm5/PKA_JCH/JCH_Inbox/03_PROJECTS/03_WILDNEXUS/06_COMPONENTS/BIOACOUSTIC/INSECTNET/03_AUDIO_DOWNLOADS/audio/gryllus-campestris/XC1095679-G-campestris-n09_Chanteix-19_250505_2221_0873S1+++.wav,downloaded,13166948,
2026-05-24T11:01:42,Gryllus campestris,1095677,https://xeno-canto.org/1095677,https://xeno-canto.org/1095677/download,/Users/jchavauxm5/PKA_JCH/JCH_Inbox/03_PROJECTS/03_WILDNEXUS/06_COMPONENTS/BIOACOUSTIC/INSECTNET/03_AUDIO_DOWNLOADS/audio/gryllus-campestris/XC1095677-G-campestris-d28_Chanteix-19_250617_1747_0875S1+++.wav,downloaded,13826368,
2026-05-24T11:01:46,Gryllus campestris,1095678,https://xeno-canto.org/1095678,https://xeno-canto.org/1095678/download,/Users/jchavauxm5/PKA_JCH/JCH_Inbox/03_PROJECTS/03_WILDNEXUS/06_COMPONENTS/BIOACOUSTIC/INSECTNET/03_AUDIO_DOWNLOADS/audio/gryllus-campestris/XC1095678-G-campestris-d28_Chanteix-19_250617_1749_0876S1+++.wav,downloaded,14215288,
2026-05-24T11:01:49,Gryllus campestris,967464,https://xeno-canto.org/967464,https://xeno-canto.org/967464/download,/Users/jchavauxm5/PKA_JCH/JCH_Inbox/03_PROJECTS/03_WILDNEXUS/06_COMPONENTS/BIOACOUSTIC/INSECTNET/03_AUDIO_DOWNLOADS/audio/gryllus-campestris/XC967464-G-campestris-d27_Hontoria-de-la-Cantera-ES-BU_2023-06-27_19_14_28_M00006++.wav,downloaded,13261052,
2026-05-24T11:01:52,Gryllus campestris,967462,https://xeno-canto.org/967462,https://xeno-canto.org/967462/download,/Users/jchavauxm5/PKA_JCH/JCH_Inbox/03_PROJECTS/03_WILDNEXUS/06_COMPONENTS/BIOACOUSTIC/INSECTNET/03_AUDIO_DOWNLOADS/audio/gryllus-campestris/XC967462-G-campestris-d27_Chasteaux-19_20210530_170117++.wav,downloaded,14889004,
2026-05-24T11:01:56,Gryllus campestris,849988,https://xeno-canto.org/849988,https://xeno-canto.org/849988/download,/Users/jchavauxm5/PKA_JCH/JCH_Inbox/03_PROJECTS/03_WILDNEXUS/06_COMPONENTS/BIOACOUSTIC/INSECTNET/03_AUDIO_DOWNLOADS/audio/gryllus-campestris/XC849988-NoID_20230725_162808.wav,downloaded,16478836,
2026-05-24T11:01:59,Gryllus campestris,849987,https://xeno-canto.org/849987,https://xeno-canto.org/849987/download,/Users/jchavauxm5/PKA_JCH/JCH_Inbox/03_PROJECTS/03_WILDNEXUS/06_COMPONENTS/BIOACOUSTIC/INSECTNET/03_AUDIO_DOWNLOADS/audio/gryllus-campestris/XC849987-NoID_20230725_162743.wav,downloaded,17383020,
2026-05-24T11:02:03,Gryllus campestris,967477,https://xeno-canto.org/967477,https://xeno-canto.org/967477/download,/Users/jchavauxm5/PKA_JCH/JCH_Inbox/03_PROJECTS/03_WILDNEXUS/06_COMPONENTS/BIOACOUSTIC/INSECTNET/03_AUDIO_DOWNLOADS/audio/gryllus-campestris/XC967477-G-campestris-n12_Chanteix-19_2020-05-03_23_20_40_M00004++.wav,downloaded,18866614,
2026-05-24T11:02:08,Gryllus campestris,967460,https://xeno-canto.org/967460,https://xeno-canto.org/967460/download,/Users/jchavauxm5/PKA_JCH/JCH_Inbox/03_PROJECTS/03_WILDNEXUS/06_COMPONENTS/BIOACOUSTIC/INSECTNET/03_AUDIO_DOWNLOADS/audio/gryllus-campestris/XC967460-G-campestris-d25_Chasteaux-19_20210530_123434++.wav,downloaded,24469548,
2026-05-24T11:02:14,Gryllus campestris,967480,https://xeno-canto.org/967480,https://xeno-canto.org/967480/download,/Users/jchavauxm5/PKA_JCH/JCH_Inbox/03_PROJECTS/03_WILDNEXUS/06_COMPONENTS/BIOACOUSTIC/INSECTNET/03_AUDIO_DOWNLOADS/audio/gryllus-campestris/XC967480-G-campestris-n13_Chanteix-19_2020-06-14_23_00_12_M00014++.wav,downloaded,24133558,
2026-05-24T11:02:18,Gryllus campestris,967461,https://xeno-canto.org/967461,https://xeno-canto.org/967461/download,/Users/jchavauxm5/PKA_JCH/JCH_Inbox/03_PROJECTS/03_WILDNEXUS/06_COMPONENTS/BIOACOUSTIC/INSECTNET/03_AUDIO_DOWNLOADS/audio/gryllus-campestris/XC967461-G-campestris-d26_Cristinacce-2A_2022-07-06_20_07_04_M00036++.wav,downloaded,24830958,
2026-05-24T11:02:23,Gryllus campestris,967459,https://xeno-canto.org/967459,https://xeno-canto.org/967459/download,/Users/jchavauxm5/PKA_JCH/JCH_Inbox/03_PROJECTS/03_WILDNEXUS/06_COMPONENTS/BIOACOUSTIC/INSECTNET/03_AUDIO_DOWNLOADS/audio/gryllus-campestris/XC967459-G-campestris-d24_Chanteix-19_2020-05-17_16_04_42_M00008++.wav,downloaded,25468846,
2026-05-24T11:02:29,Pholidoptera griseoaptera,968627,https://xeno-canto.org/968627,https://xeno-canto.org/968627/download,/Users/jchavauxm5/PKA_JCH/JCH_Inbox/03_PROJECTS/03_WILDNEXUS/06_COMPONENTS/BIOACOUSTIC/INSECTNET/03_AUDIO_DOWNLOADS/audio/pholidoptera-griseoaptera/XC968627-P-griseoaptera-n11_Vigeois-19_20211015_213903+++.wav,downloaded,23021172,
2026-05-24T11:02:38,Pholidoptera griseoaptera,968607,https://xeno-canto.org/968607,https://xeno-canto.org/968607/download,/Users/jchavauxm5/PKA_JCH/JCH_Inbox/03_PROJECTS/03_WILDNEXUS/06_COMPONENTS/BIOACOUSTIC/INSECTNET/03_AUDIO_DOWNLOADS/audio/pholidoptera-griseoaptera/XC968607-P-griseoaptera-c13_Chanteix-19_2019-09-23_20_51_05_M00003_cht-rivalite+++.wav,downloaded,53948716,
2026-05-24T11:02:39,Pholidoptera griseoaptera,847627,https://xeno-canto.org/847627,https://xeno-canto.org/847627/download,/Users/jchavauxm5/PKA_JCH/JCH_Inbox/03_PROJECTS/03_WILDNEXUS/06_COMPONENTS/BIOACOUSTIC/INSECTNET/03_AUDIO_DOWNLOADS/audio/pholidoptera-griseoaptera/XC847627-BL20220723-04010002.wav,downloaded,1561206,
2026-05-24T11:02:39,Pholidoptera griseoaptera,847628,https://xeno-canto.org/847628,https://xeno-canto.org/847628/download,/Users/jchavauxm5/PKA_JCH/JCH_Inbox/03_PROJECTS/03_WILDNEXUS/06_COMPONENTS/BIOACOUSTIC/INSECTNET/03_AUDIO_DOWNLOADS/audio/pholidoptera-griseoaptera/XC847628-BL20220723-04010003.wav,downloaded,1561206,
2026-05-24T11:02:40,Pholidoptera griseoaptera,847631,https://xeno-canto.org/847631,https://xeno-canto.org/847631/download,/Users/jchavauxm5/PKA_JCH/JCH_Inbox/03_PROJECTS/03_WILDNEXUS/06_COMPONENTS/BIOACOUSTIC/INSECTNET/03_AUDIO_DOWNLOADS/audio/pholidoptera-griseoaptera/XC847631-BL20220723-04010006.wav,downloaded,1860310,
2026-05-24T11:02:41,Pholidoptera griseoaptera,847633,https://xeno-canto.org/847633,https://xeno-canto.org/847633/download,/Users/jchavauxm5/PKA_JCH/JCH_Inbox/03_PROJECTS/03_WILDNEXUS/06_COMPONENTS/BIOACOUSTIC/INSECTNET/03_AUDIO_DOWNLOADS/audio/pholidoptera-griseoaptera/XC847633-BL20220723-04010008.wav,downloaded,1561206,
2026-05-24T11:02:41,Pholidoptera griseoaptera,847636,https://xeno-canto.org/847636,https://xeno-canto.org/847636/download,/Users/jchavauxm5/PKA_JCH/JCH_Inbox/03_PROJECTS/03_WILDNEXUS/06_COMPONENTS/BIOACOUSTIC/INSECTNET/03_AUDIO_DOWNLOADS/audio/pholidoptera-griseoaptera/XC847636-BL20220723-04010011.wav,downloaded,2294390,
2026-05-24T11:02:42,Pholidoptera griseoaptera,847630,https://xeno-canto.org/847630,https://xeno-canto.org/847630/download,/Users/jchavauxm5/PKA_JCH/JCH_Inbox/03_PROJECTS/03_WILDNEXUS/06_COMPONENTS/BIOACOUSTIC/INSECTNET/03_AUDIO_DOWNLOADS/audio/pholidoptera-griseoaptera/XC847630-BL20220723-04010005.wav,downloaded,2982622,
2026-05-24T11:02:44,Pholidoptera griseoaptera,847632,https://xeno-canto.org/847632,https://xeno-canto.org/847632/download,/Users/jchavauxm5/PKA_JCH/JCH_Inbox/03_PROJECTS/03_WILDNEXUS/06_COMPONENTS/BIOACOUSTIC/INSECTNET/03_AUDIO_DOWNLOADS/audio/pholidoptera-griseoaptera/XC847632-BL20220723-04010007.wav,downloaded,2902750,
2026-05-24T11:02:45,Pholidoptera griseoaptera,847637,https://xeno-canto.org/847637,https://xeno-canto.org/847637/download,/Users/jchavauxm5/PKA_JCH/JCH_Inbox/03_PROJECTS/03_WILDNEXUS/06_COMPONENTS/BIOACOUSTIC/INSECTNET/03_AUDIO_DOWNLOADS/audio/pholidoptera-griseoaptera/XC847637-BL20220723-04010012.wav,downloaded,2570870,
2026-05-24T11:02:46,Pholidoptera griseoaptera,847635,https://xeno-canto.org/847635,https://xeno-canto.org/847635/download,/Users/jchavauxm5/PKA_JCH/JCH_Inbox/03_PROJECTS/03_WILDNEXUS/06_COMPONENTS/BIOACOUSTIC/INSECTNET/03_AUDIO_DOWNLOADS/audio/pholidoptera-griseoaptera/XC847635-BL20220723-04010010.wav,downloaded,3171038,
2026-05-24T11:02:47,Pholidoptera griseoaptera,847638,https://xeno-canto.org/847638,https://xeno-canto.org/847638/download,/Users/jchavauxm5/PKA_JCH/JCH_Inbox/03_PROJECTS/03_WILDNEXUS/06_COMPONENTS/BIOACOUSTIC/INSECTNET/03_AUDIO_DOWNLOADS/audio/pholidoptera-griseoaptera/XC847638-BL20220723-04010013.wav,downloaded,3408606,
2026-05-24T11:02:48,Pholidoptera griseoaptera,847640,https://xeno-canto.org/847640,https://xeno-canto.org/847640/download,/Users/jchavauxm5/PKA_JCH/JCH_Inbox/03_PROJECTS/03_WILDNEXUS/06_COMPONENTS/BIOACOUSTIC/INSECTNET/03_AUDIO_DOWNLOADS/audio/pholidoptera-griseoaptera/XC847640-BL20220723-04010015.wav,downloaded,4014814,
2026-05-24T11:02:49,Pholidoptera griseoaptera,851722,https://xeno-canto.org/851722,https://xeno-canto.org/851722/download,/Users/jchavauxm5/PKA_JCH/JCH_Inbox/03_PROJECTS/03_WILDNEXUS/06_COMPONENTS/BIOACOUSTIC/INSECTNET/03_AUDIO_DOWNLOADS/audio/pholidoptera-griseoaptera/XC851722-NOISE_20200813_180310.wav,downloaded,3864114,
2026-05-24T11:02:51,Pholidoptera griseoaptera,847629,https://xeno-canto.org/847629,https://xeno-canto.org/847629/download,/Users/jchavauxm5/PKA_JCH/JCH_Inbox/03_PROJECTS/03_WILDNEXUS/06_COMPONENTS/BIOACOUSTIC/INSECTNET/03_AUDIO_DOWNLOADS/audio/pholidoptera-griseoaptera/XC847629-BL20220723-04010004.wav,downloaded,4950750,
2026-05-24T11:02:52,Pholidoptera griseoaptera,847634,https://xeno-canto.org/847634,https://xeno-canto.org/847634/download,/Users/jchavauxm5/PKA_JCH/JCH_Inbox/03_PROJECTS/03_WILDNEXUS/06_COMPONENTS/BIOACOUSTIC/INSECTNET/03_AUDIO_DOWNLOADS/audio/pholidoptera-griseoaptera/XC847634-BL20220723-04010009.wav,downloaded,5292662,
2026-05-24T11:02:54,Pholidoptera griseoaptera,847639,https://xeno-canto.org/847639,https://xeno-canto.org/847639/download,/Users/jchavauxm5/PKA_JCH/JCH_Inbox/03_PROJECTS/03_WILDNEXUS/06_COMPONENTS/BIOACOUSTIC/INSECTNET/03_AUDIO_DOWNLOADS/audio/pholidoptera-griseoaptera/XC847639-BL20220723-04010014.wav,downloaded,5874398,
2026-05-24T11:02:57,Pholidoptera griseoaptera,849665,https://xeno-canto.org/849665,https://xeno-canto.org/849665/download,/Users/jchavauxm5/PKA_JCH/JCH_Inbox/03_PROJECTS/03_WILDNEXUS/06_COMPONENTS/BIOACOUSTIC/INSECTNET/03_AUDIO_DOWNLOADS/audio/pholidoptera-griseoaptera/XC849665-NoID_20200814_165154.wav,downloaded,12989052,
2026-05-24T11:03:00,Pholidoptera griseoaptera,846585,https://xeno-canto.org/846585,https://xeno-canto.org/846585/download,/Users/jchavauxm5/PKA_JCH/JCH_Inbox/03_PROJECTS/03_WILDNEXUS/06_COMPONENTS/BIOACOUSTIC/INSECTNET/03_AUDIO_DOWNLOADS/audio/pholidoptera-griseoaptera/XC846585-20200813_165946.wav,downloaded,14119588,
2026-05-24T11:03:03,Pholidoptera griseoaptera,850169,https://xeno-canto.org/850169,https://xeno-canto.org/850169/download,/Users/jchavauxm5/PKA_JCH/JCH_Inbox/03_PROJECTS/03_WILDNEXUS/06_COMPONENTS/BIOACOUSTIC/INSECTNET/03_AUDIO_DOWNLOADS/audio/pholidoptera-griseoaptera/XC850169-NoID_20230902_220447.wav,downloaded,13939404,
2026-05-24T11:03:08,Leptophyes punctatissima,1095719,https://xeno-canto.org/1095719,https://xeno-canto.org/1095719/download,/Users/jchavauxm5/PKA_JCH/JCH_Inbox/03_PROJECTS/03_WILDNEXUS/06_COMPONENTS/BIOACOUSTIC/INSECTNET/03_AUDIO_DOWNLOADS/audio/leptophyes-punctatissima/XC1095719-L-punctatissima_P-nana-n16_Lureuil-36_2025-09-17_21_29_27_M00009++rep-femelle.wav,downloaded,22906294,
2026-05-24T11:03:15,Leptophyes punctatissima,967730,https://xeno-canto.org/967730,https://xeno-canto.org/967730/download,/Users/jchavauxm5/PKA_JCH/JCH_Inbox/03_PROJECTS/03_WILDNEXUS/06_COMPONENTS/BIOACOUSTIC/INSECTNET/03_AUDIO_DOWNLOADS/audio/leptophyes-punctatissima/XC967730-L-punctatissima-n16_Clergoux-19_2021-08-31_22_25_42_M00052+++rep-femelle.wav,downloaded,31323422,
2026-05-24T11:03:22,Leptophyes punctatissima,967731,https://xeno-canto.org/967731,https://xeno-canto.org/967731/download,/Users/jchavauxm5/PKA_JCH/JCH_Inbox/03_PROJECTS/03_WILDNEXUS/06_COMPONENTS/BIOACOUSTIC/INSECTNET/03_AUDIO_DOWNLOADS/audio/leptophyes-punctatissima/XC967731-L-punctatissima-n16_Clergoux-19_2021-08-31_22_32_00_M00053+++.wav,downloaded,39212588,
2026-05-24T11:03:23,Leptophyes punctatissima,846655,https://xeno-canto.org/846655,https://xeno-canto.org/846655/download,/Users/jchavauxm5/PKA_JCH/JCH_Inbox/03_PROJECTS/03_WILDNEXUS/06_COMPONENTS/BIOACOUSTIC/INSECTNET/03_AUDIO_DOWNLOADS/audio/leptophyes-punctatissima/XC846655-20210903_204934.wav,downloaded,3883470,
2026-05-24T11:03:25,Leptophyes punctatissima,846656,https://xeno-canto.org/846656,https://xeno-canto.org/846656/download,/Users/jchavauxm5/PKA_JCH/JCH_Inbox/03_PROJECTS/03_WILDNEXUS/06_COMPONENTS/BIOACOUSTIC/INSECTNET/03_AUDIO_DOWNLOADS/audio/leptophyes-punctatissima/XC846656-20210903_204939.wav,downloaded,4056526,
2026-05-24T11:03:26,Leptophyes punctatissima,846657,https://xeno-canto.org/846657,https://xeno-canto.org/846657/download,/Users/jchavauxm5/PKA_JCH/JCH_Inbox/03_PROJECTS/03_WILDNEXUS/06_COMPONENTS/BIOACOUSTIC/INSECTNET/03_AUDIO_DOWNLOADS/audio/leptophyes-punctatissima/XC846657-20210903_204945.wav,downloaded,3933646,
2026-05-24T11:03:27,Leptophyes punctatissima,851720,https://xeno-canto.org/851720,https://xeno-canto.org/851720/download,/Users/jchavauxm5/PKA_JCH/JCH_Inbox/03_PROJECTS/03_WILDNEXUS/06_COMPONENTS/BIOACOUSTIC/INSECTNET/03_AUDIO_DOWNLOADS/audio/leptophyes-punctatissima/XC851720-NOISE_20200813_175924.wav,downloaded,3864108,
2026-05-24T11:03:28,Leptophyes punctatissima,851721,https://xeno-canto.org/851721,https://xeno-canto.org/851721/download,/Users/jchavauxm5/PKA_JCH/JCH_Inbox/03_PROJECTS/03_WILDNEXUS/06_COMPONENTS/BIOACOUSTIC/INSECTNET/03_AUDIO_DOWNLOADS/audio/leptophyes-punctatissima/XC851721-NOISE_20200813_175950.wav,downloaded,3864108,
2026-05-24T11:03:31,Leptophyes punctatissima,846654,https://xeno-canto.org/846654,https://xeno-canto.org/846654/download,/Users/jchavauxm5/PKA_JCH/JCH_Inbox/03_PROJECTS/03_WILDNEXUS/06_COMPONENTS/BIOACOUSTIC/INSECTNET/03_AUDIO_DOWNLOADS/audio/leptophyes-punctatissima/XC846654-20210903_204910.wav,downloaded,7619022,
2026-05-24T11:03:33,Leptophyes punctatissima,849620,https://xeno-canto.org/849620,https://xeno-canto.org/849620/download,/Users/jchavauxm5/PKA_JCH/JCH_Inbox/03_PROJECTS/03_WILDNEXUS/06_COMPONENTS/BIOACOUSTIC/INSECTNET/03_AUDIO_DOWNLOADS/audio/leptophyes-punctatissima/XC849620-NoID_20200813_163919.wav,downloaded,7956004,
2026-05-24T11:03:35,Leptophyes punctatissima,849648,https://xeno-canto.org/849648,https://xeno-canto.org/849648/download,/Users/jchavauxm5/PKA_JCH/JCH_Inbox/03_PROJECTS/03_WILDNEXUS/06_COMPONENTS/BIOACOUSTIC/INSECTNET/03_AUDIO_DOWNLOADS/audio/leptophyes-punctatissima/XC849648-NoID_20200813_175939.wav,downloaded,9109028,
2026-05-24T11:03:38,Leptophyes punctatissima,849659,https://xeno-canto.org/849659,https://xeno-canto.org/849659/download,/Users/jchavauxm5/PKA_JCH/JCH_Inbox/03_PROJECTS/03_WILDNEXUS/06_COMPONENTS/BIOACOUSTIC/INSECTNET/03_AUDIO_DOWNLOADS/audio/leptophyes-punctatissima/XC849659-NoID_20200814_164413.wav,downloaded,8499822,
2026-05-24T11:03:40,Leptophyes punctatissima,846652,https://xeno-canto.org/846652,https://xeno-canto.org/846652/download,/Users/jchavauxm5/PKA_JCH/JCH_Inbox/03_PROJECTS/03_WILDNEXUS/06_COMPONENTS/BIOACOUSTIC/INSECTNET/03_AUDIO_DOWNLOADS/audio/leptophyes-punctatissima/XC846652-20210903_204854.wav,downloaded,10170838,
2026-05-24T11:03:43,Leptophyes punctatissima,849640,https://xeno-canto.org/849640,https://xeno-canto.org/849640/download,/Users/jchavauxm5/PKA_JCH/JCH_Inbox/03_PROJECTS/03_WILDNEXUS/06_COMPONENTS/BIOACOUSTIC/INSECTNET/03_AUDIO_DOWNLOADS/audio/leptophyes-punctatissima/XC849640-NoID_20200813_173943.wav,downloaded,11033138,
2026-05-24T11:03:45,Leptophyes punctatissima,850163,https://xeno-canto.org/850163,https://xeno-canto.org/850163/download,/Users/jchavauxm5/PKA_JCH/JCH_Inbox/03_PROJECTS/03_WILDNEXUS/06_COMPONENTS/BIOACOUSTIC/INSECTNET/03_AUDIO_DOWNLOADS/audio/leptophyes-punctatissima/XC850163-NoID_20230820_161706.wav,downloaded,10842738,
2026-05-24T11:03:47,Leptophyes punctatissima,849624,https://xeno-canto.org/849624,https://xeno-canto.org/849624/download,/Users/jchavauxm5/PKA_JCH/JCH_Inbox/03_PROJECTS/03_WILDNEXUS/06_COMPONENTS/BIOACOUSTIC/INSECTNET/03_AUDIO_DOWNLOADS/audio/leptophyes-punctatissima/XC849624-NoID_20200813_164521.wav,downloaded,11762212,
2026-05-24T11:03:50,Leptophyes punctatissima,849638,https://xeno-canto.org/849638,https://xeno-canto.org/849638/download,/Users/jchavauxm5/PKA_JCH/JCH_Inbox/03_PROJECTS/03_WILDNEXUS/06_COMPONENTS/BIOACOUSTIC/INSECTNET/03_AUDIO_DOWNLOADS/audio/leptophyes-punctatissima/XC849638-NoID_20200813_173848.wav,downloaded,12120444,
2026-05-24T11:03:53,Leptophyes punctatissima,850148,https://xeno-canto.org/850148,https://xeno-canto.org/850148/download,/Users/jchavauxm5/PKA_JCH/JCH_Inbox/03_PROJECTS/03_WILDNEXUS/06_COMPONENTS/BIOACOUSTIC/INSECTNET/03_AUDIO_DOWNLOADS/audio/leptophyes-punctatissima/XC850148-NoID_20230820_154834.wav,downloaded,12251770,
2026-05-24T11:03:56,Leptophyes punctatissima,849637,https://xeno-canto.org/849637,https://xeno-canto.org/849637/download,/Users/jchavauxm5/PKA_JCH/JCH_Inbox/03_PROJECTS/03_WILDNEXUS/06_COMPONENTS/BIOACOUSTIC/INSECTNET/03_AUDIO_DOWNLOADS/audio/leptophyes-punctatissima/XC849637-NoID_20200813_173823.wav,downloaded,12415356,
2026-05-24T11:03:59,Leptophyes punctatissima,849639,https://xeno-canto.org/849639,https://xeno-canto.org/849639/download,/Users/jchavauxm5/PKA_JCH/JCH_Inbox/03_PROJECTS/03_WILDNEXUS/06_COMPONENTS/BIOACOUSTIC/INSECTNET/03_AUDIO_DOWNLOADS/audio/leptophyes-punctatissima/XC849639-NoID_20200813_173918.wav,downloaded,13382020,
2026-05-24T11:04:03,Roeseliana roeselii,969404,https://xeno-canto.org/969404,https://xeno-canto.org/969404/download,/Users/jchavauxm5/PKA_JCH/JCH_Inbox/03_PROJECTS/03_WILDNEXUS/06_COMPONENTS/BIOACOUSTIC/INSECTNET/03_AUDIO_DOWNLOADS/audio/roeseliana-roeselii/XC969404-R-roeselii-d20_Condat-en-Combrailles-63_20200703_115147+++.wav,downloaded,20489498,
2026-05-24T11:04:09,Roeseliana roeselii,969405,https://xeno-canto.org/969405,https://xeno-canto.org/969405/download,/Users/jchavauxm5/PKA_JCH/JCH_Inbox/03_PROJECTS/03_WILDNEXUS/06_COMPONENTS/BIOACOUSTIC/INSECTNET/03_AUDIO_DOWNLOADS/audio/roeseliana-roeselii/XC969405-R-roeselii-d20_Condat-en-Combrailles-63_20200703_115530+++.wav,downloaded,24140570,
2026-05-24T11:04:10,Roeseliana roeselii,969392,https://xeno-canto.org/969392,https://xeno-canto.org/969392/download,/Users/jchavauxm5/PKA_JCH/JCH_Inbox/03_PROJECTS/03_WILDNEXUS/06_COMPONENTS/BIOACOUSTIC/INSECTNET/03_AUDIO_DOWNLOADS/audio/roeseliana-roeselii/XC969392-R-roeselii-c22_Chanteix-19_2018-07-22_21_43_59_M00035++.wav,downloaded,5135268,
2026-05-24T11:04:12,Roeseliana roeselii,969457,https://xeno-canto.org/969457,https://xeno-canto.org/969457/download,/Users/jchavauxm5/PKA_JCH/JCH_Inbox/03_PROJECTS/03_WILDNEXUS/06_COMPONENTS/BIOACOUSTIC/INSECTNET/03_AUDIO_DOWNLOADS/audio/roeseliana-roeselii/XC969457-R-roeselii-n17_Clergoux-19_2021-08-31_21_27_20_M00046++.wav,downloaded,6310816,
2026-05-24T11:04:14,Roeseliana roeselii,969455,https://xeno-canto.org/969455,https://xeno-canto.org/969455/download,/Users/jchavauxm5/PKA_JCH/JCH_Inbox/03_PROJECTS/03_WILDNEXUS/06_COMPONENTS/BIOACOUSTIC/INSECTNET/03_AUDIO_DOWNLOADS/audio/roeseliana-roeselii/XC969455-R-roeselii-n16_Orgnac-sur-Vezere-19_2017-06-27_01_31_16_M00020++.wav,downloaded,8205864,
2026-05-24T11:04:16,Roeseliana roeselii,969411,https://xeno-canto.org/969411,https://xeno-canto.org/969411/download,/Users/jchavauxm5/PKA_JCH/JCH_Inbox/03_PROJECTS/03_WILDNEXUS/06_COMPONENTS/BIOACOUSTIC/INSECTNET/03_AUDIO_DOWNLOADS/audio/roeseliana-roeselii/XC969411-R-roeselii-d21_Chanteix-19_20210623_M00004++.wav,downloaded,9123546,
2026-05-24T11:04:19,Roeseliana roeselii,849649,https://xeno-canto.org/849649,https://xeno-canto.org/849649/download,/Users/jchavauxm5/PKA_JCH/JCH_Inbox/03_PROJECTS/03_WILDNEXUS/06_COMPONENTS/BIOACOUSTIC/INSECTNET/03_AUDIO_DOWNLOADS/audio/roeseliana-roeselii/XC849649-NoID_20200813_180658.wav,downloaded,10562046,
2026-05-24T11:04:23,Roeseliana roeselii,850129,https://xeno-canto.org/850129,https://xeno-canto.org/850129/download,/Users/jchavauxm5/PKA_JCH/JCH_Inbox/03_PROJECTS/03_WILDNEXUS/06_COMPONENTS/BIOACOUSTIC/INSECTNET/03_AUDIO_DOWNLOADS/audio/roeseliana-roeselii/XC850129-NoID_20230818_163439.wav,downloaded,11645524,
2026-05-24T11:04:26,Roeseliana roeselii,850126,https://xeno-canto.org/850126,https://xeno-canto.org/850126/download,/Users/jchavauxm5/PKA_JCH/JCH_Inbox/03_PROJECTS/03_WILDNEXUS/06_COMPONENTS/BIOACOUSTIC/INSECTNET/03_AUDIO_DOWNLOADS/audio/roeseliana-roeselii/XC850126-NoID_20230818_163317.wav,downloaded,12956236,
2026-05-24T11:04:31,Roeseliana roeselii,846647,https://xeno-canto.org/846647,https://xeno-canto.org/846647/download,/Users/jchavauxm5/PKA_JCH/JCH_Inbox/03_PROJECTS/03_WILDNEXUS/06_COMPONENTS/BIOACOUSTIC/INSECTNET/03_AUDIO_DOWNLOADS/audio/roeseliana-roeselii/XC846647-20210903_155552.wav,downloaded,13355432,
2026-05-24T11:04:33,Roeseliana roeselii,850127,https://xeno-canto.org/850127,https://xeno-canto.org/850127/download,/Users/jchavauxm5/PKA_JCH/JCH_Inbox/03_PROJECTS/03_WILDNEXUS/06_COMPONENTS/BIOACOUSTIC/INSECTNET/03_AUDIO_DOWNLOADS/audio/roeseliana-roeselii/XC850127-NoID_20230818_163351.wav,downloaded,13562446,
2026-05-24T11:04:36,Roeseliana roeselii,850179,https://xeno-canto.org/850179,https://xeno-canto.org/850179/download,/Users/jchavauxm5/PKA_JCH/JCH_Inbox/03_PROJECTS/03_WILDNEXUS/06_COMPONENTS/BIOACOUSTIC/INSECTNET/03_AUDIO_DOWNLOADS/audio/roeseliana-roeselii/XC850179-NoID_20230902_221632.wav,downloaded,13544096,
2026-05-24T11:04:39,Roeseliana roeselii,850188,https://xeno-canto.org/850188,https://xeno-canto.org/850188/download,/Users/jchavauxm5/PKA_JCH/JCH_Inbox/03_PROJECTS/03_WILDNEXUS/06_COMPONENTS/BIOACOUSTIC/INSECTNET/03_AUDIO_DOWNLOADS/audio/roeseliana-roeselii/XC850188-NoID_20230903_121932.wav,downloaded,13939352,
2026-05-24T11:04:42,Roeseliana roeselii,850130,https://xeno-canto.org/850130,https://xeno-canto.org/850130/download,/Users/jchavauxm5/PKA_JCH/JCH_Inbox/03_PROJECTS/03_WILDNEXUS/06_COMPONENTS/BIOACOUSTIC/INSECTNET/03_AUDIO_DOWNLOADS/audio/roeseliana-roeselii/XC850130-NoID_20230818_163501.wav,downloaded,15307348,
2026-05-24T11:04:45,Roeseliana roeselii,850189,https://xeno-canto.org/850189,https://xeno-canto.org/850189/download,/Users/jchavauxm5/PKA_JCH/JCH_Inbox/03_PROJECTS/03_WILDNEXUS/06_COMPONENTS/BIOACOUSTIC/INSECTNET/03_AUDIO_DOWNLOADS/audio/roeseliana-roeselii/XC850189-NoID_20230903_122038.wav,downloaded,14889632,
2026-05-24T11:04:48,Roeseliana roeselii,850128,https://xeno-canto.org/850128,https://xeno-canto.org/850128/download,/Users/jchavauxm5/PKA_JCH/JCH_Inbox/03_PROJECTS/03_WILDNEXUS/06_COMPONENTS/BIOACOUSTIC/INSECTNET/03_AUDIO_DOWNLOADS/audio/roeseliana-roeselii/XC850128-NoID_20230818_163418.wav,downloaded,15905356,
2026-05-24T11:04:52,Roeseliana roeselii,850182,https://xeno-canto.org/850182,https://xeno-canto.org/850182/download,/Users/jchavauxm5/PKA_JCH/JCH_Inbox/03_PROJECTS/03_WILDNEXUS/06_COMPONENTS/BIOACOUSTIC/INSECTNET/03_AUDIO_DOWNLOADS/audio/roeseliana-roeselii/XC850182-NoID_20230902_222808.wav,downloaded,15397742,
2026-05-24T11:04:55,Roeseliana roeselii,850186,https://xeno-canto.org/850186,https://xeno-canto.org/850186/download,/Users/jchavauxm5/PKA_JCH/JCH_Inbox/03_PROJECTS/03_WILDNEXUS/06_COMPONENTS/BIOACOUSTIC/INSECTNET/03_AUDIO_DOWNLOADS/audio/roeseliana-roeselii/XC850186-NoID_20230903_121732.wav,downloaded,15591072,
2026-05-24T11:04:58,Roeseliana roeselii,850187,https://xeno-canto.org/850187,https://xeno-canto.org/850187/download,/Users/jchavauxm5/PKA_JCH/JCH_Inbox/03_PROJECTS/03_WILDNEXUS/06_COMPONENTS/BIOACOUSTIC/INSECTNET/03_AUDIO_DOWNLOADS/audio/roeseliana-roeselii/XC850187-NoID_20230903_121837.wav,downloaded,15479456,
2026-05-24T11:05:02,Roeseliana roeselii,850180,https://xeno-canto.org/850180,https://xeno-canto.org/850180/download,/Users/jchavauxm5/PKA_JCH/JCH_Inbox/03_PROJECTS/03_WILDNEXUS/06_COMPONENTS/BIOACOUSTIC/INSECTNET/03_AUDIO_DOWNLOADS/audio/roeseliana-roeselii/XC850180-NoID_20230902_222030.wav,downloaded,16151390,
